Title,frontpath,backpath,price,URL
Overlaid,shop/images/amateur/fronts/overlaid.JPG,,18,https://buy.stripe.com/5kQ9AS5fn5NT4r9decbjW00
The State of Things,shop/images/amateur/fronts/recognize.JPG,,18,404.html
Flotation Devicee,shop/images/amateur/fronts/flotationdevice.JPG,,18,404.html
Descartes,shop/images/amateur/fronts/descartes.JPG,shop/images/amateur/backs/descartes.JPG,20,404.html
Life is a Highway,shop/images/amateur/fronts/highway.JPG,,18,404.html
Emo Night,shop/images/amateur/fronts/emonight.JPG,,18,404.html
Titan,shop/images/amateur/fronts/oceangate.JPG,,18,404.html
Karaoke Time,shop/images/amateur/fronts/karaoketime.JPG,,18,404.html
KFC,shop/images/amateur/fronts/kfc.JPG,,18,404.html
Baby Suprise,shop/images/amateur/fronts/plasticbabies.JPG,,18,404.html
Slut 4 Shirts,shop/images/amateur/fronts/shirtslut.JPG,,18,404.html
Butt Stuff,shop/images/amateur/fronts/supremebutt.JPG,,18,404.html
The Three F's,shop/images/amateur/fronts/threefs.JPG,,18,404.html
TURBO BUTTON,shop/images/amateur/fronts/turbobutton.JPG,,18,404.html
Vibe Chart,shop/images/amateur/fronts/vibechart.JPG,,18,404.html
The 7th Sense,shop/images/amateur/fronts/6thsense.JPG,,18,404.html
(BDS)M,shop/images/amateur/fronts/bds_m.JPG,,18,404.html
Born to Die,shop/images/amateur/fronts/borntodie.JPG,,18,404.html
California Prop. 65,shop/images/amateur/fronts/c65warning.JPG,,18,404.html
Yeah I Did,shop/images/amateur/fronts/coulda.JPG,,18,404.html
Lawyered Duck,shop/images/amateur/fronts/ducking.JPG,,18,404.html
Evergreen,shop/images/amateur/fronts/evergreen.JPG,shop/images/amateur/backs/evergreen.JPG,25,404.html
Pro in Procession,shop/images/amateur/fronts/funeral.JPG,,18,404.html
Thundergun 4,shop/images/amateur/fronts/hangdong.JPG,,18,404.html
Ice Cream,shop/images/amateur/fronts/icecream.JPG,,18,404.html
Ingredients List,shop/images/amateur/fronts/ingredients.JPG,,18,404.html
Jet2 Holiday,shop/images/amateur/fronts/jet2.JPG,,18,404.html
,,,,
,,,,
,,,,
,,,,
